Metric,Value
MAE,16.387986
RMSE,19.167507
R²,0.074727
